weapon_id,name_ua,category,in_ymt,at_anim,at_loop,at_time,rounds,measured_full_s,measured_one_s,verdict,target_full_s,new_anim,new_loop,new_time,predicted_full_s,notes
WEAPON_RIFLE_VARMINT,Гвинтівка «Вармінт»,rifle,yes,0.38,1.60,0.20,14,23.69,5.91,"все ж повільно; у спокої має бути трішки швидше",18.00,0.50,1.60,0.15,18.00,"середнє з двох заходів 23.26 і 24.12; перетюновано у v5"
WEAPON_REPEATER_HENRY,Магазинка «Лічфілд»,repeater,yes,0.35,1.75,0.25,14,33.70,8.45,"вердикту не було; викид проти Ланкастера з тим самим конфігом",20.00,0.59,1.75,0.15,20.00,"ПРОПОЗИЦІЯ: постав target=None у скрипті, щоб лишити 33.7 с"
WEAPON_SNIPERRIFLE_ROLLINGBLOCK,Гвинтівка з відкидним затвором,sniper,yes,1.00,,,1,2.17,2.17,"не змінилася по швидкості — треба змінити",3.50,0.62,,,3.50,"однозарядна; профілю CSectionedReloadInfo у файлі немає"
WEAPON_SNIPERRIFLE_CARCANO,Гвинтівка «Каркано»,sniper,yes,0.585,,,,3.41,4.47,"трішки пришвидшити — заряджається обоймою",3.00,0.66,,,3.02,"0.585 — значення оверхолу; профіль SNIPER_CARCANO свідомо не чіпаємо"
WEAPON_REPEATER_CARBINE,Магазинний карабін,repeater,yes,0.45,1.80,0.35,7,6.10,5.84,норм,,0.45,1.80,0.35,6.10,"заряджається одразу 7 набоїв"
WEAPON_REPEATER_WINCHESTER,Магазинка «Ланкастер»,repeater,yes,0.36,1.80,0.25,14,19.66,3.88,без зауважень,,0.36,1.80,0.25,19.66,
WEAPON_REPEATER_WINCHESTER_JOHN,Ланкастер Джона,repeater,yes,0.36,1.80,0.25,14,18.15,3.33,без зауважень,,0.36,1.80,0.25,18.15,"варіант; значення успадковує від базового за префіксом"
WEAPON_RIFLE_SPRINGFIELD,Гвинтівка «Спрінгфілд»,rifle,yes,0.42,2.00,0.20,,,2.67,норм,,0.42,2.00,0.20,,"повну розрядку не заміряно"
WEAPON_RIFLE_BOLTACTION,Болтова гвинтівка,rifle,yes,0.45,1.80,0.20,5,11.20,6.90,"подобається — 5 набоїв з передьоргуванням затвора",,0.45,1.80,0.20,11.20,
WEAPON_REVOLVER_CATTLEMAN,Ковбойський револьвер,revolver,yes,0.32,2.00,0.20,6,10.12,4.37,без зауважень,,0.32,2.00,0.20,10.12,"база для всіх варіантів CATTLEMAN_*"
WEAPON_REVOLVER_SCHOFIELD,Револьвер «Скофілд»,revolver,yes,0.42,2.00,0.15,6,11.53,3.90,без зауважень,,0.42,2.00,0.15,11.53,"у грі повільніший за Кетлмен попри переломну рамку"
WEAPON_REVOLVER_DOUBLEACTION,Самозведений револьвер,revolver,yes,0.38,2.00,0.15,6,8.29,3.74,без зауважень,,0.38,2.00,0.15,8.29,
WEAPON_PISTOL_VOLCANIC,Пістолет «Волканік»,pistol,yes,0.35,1.80,0.28,7,11.96,4.78,норм,,0.35,1.80,0.28,11.96,
WEAPON_PISTOL_MAUSER,Пістолет «Маузер»,pistol,yes,0.48,2.50,0.10,,4.30,4.51,без зауважень,,0.48,2.50,0.10,4.30,"обойма: О.п. дорівнює П.р., різниця 0.21 с — похибка заміру"
WEAPON_PISTOL_SEMIAUTO,Напівавтоматичний пістолет,pistol,yes,0.48,2.50,0.10,,2.85,3.29,без зауважень,,0.48,2.50,0.10,2.85,"магазин: О.п. дорівнює П.р."
WEAPON_SHOTGUN_PUMP,Помпова рушниця,shotgun,yes,0.40,1.80,0.32,5,12.55,4.11,без зауважень,,0.40,1.80,0.32,12.55,
WEAPON_SHOTGUN_REPEATING,Багатозарядна рушниця,shotgun,yes,0.40,1.80,0.32,6,18.11,5.14,без зауважень,,0.40,1.80,0.32,18.11,"другий за тривалістю після Лічфілда — кандидат на перетюн"
WEAPON_SHOTGUN_SEMIAUTO,Напівавтоматична рушниця,shotgun,yes,0.42,2.00,0.28,5,11.01,3.75,без зауважень,,0.42,2.00,0.28,11.01,
WEAPON_SHOTGUN_DOUBLEBARREL,Рушниця (двостволка),shotgun,yes,0.48,2.00,0.15,2,4.63,3.95,"норм — вставляється лише два дроби",,0.48,2.00,0.15,4.63,
WEAPON_SHOTGUN_SAWEDOFF,Рушниця-обріз,shotgun,yes,0.48,2.00,0.15,2,4.39,3.02,без зауважень,,0.48,2.00,0.15,4.39,
WEAPON_BOW,Лук,bow,yes,1.00,,,,,1.15,без зауважень,,1.00,,,,"свідомо не чіпаємо: накладання стріли — не перезарядка"
WEAPON_REVOLVER_CATTLEMAN_JOHN,Револьвер Джона,revolver,yes,0.32,2.00,0.20,6,10.02,4.22,без зауважень,,0.32,2.00,0.20,10.02,варіант
WEAPON_REVOLVER_CATTLEMAN_*,Револьвер Отіса Міллера,revolver,yes,0.32,2.00,0.20,6,11.28,3.87,без зауважень,,0.32,2.00,0.20,11.28,"варіант; внутрішню назву не підтверджено"
WEAPON_REVOLVER_CATTLEMAN_*,Револьвер Ельджернона,revolver,yes,0.32,2.00,0.20,6,8.26,3.39,без зауважень,,0.32,2.00,0.20,8.26,"варіант; внутрішню назву не підтверджено"
WEAPON_REVOLVER_CATTLEMAN_*,Револьвер Ґрейнджера,revolver,yes,0.32,2.00,0.20,6,9.94,4.45,без зауважень,,0.32,2.00,0.20,9.94,"варіант; внутрішню назву не підтверджено"
WEAPON_REVOLVER_CATTLEMAN_*,Револьвер Гернадзера,revolver,yes,0.32,2.00,0.20,6,9.95,4.01,без зауважень,,0.32,2.00,0.20,9.95,"варіант; внутрішню назву не підтверджено"
WEAPON_REVOLVER_SCHOFIELD_CALLOWAY,Револьвер Келоувея,revolver,yes,0.42,2.00,0.15,6,11.38,3.72,без зауважень,,0.42,2.00,0.15,11.38,варіант
WEAPON_REVOLVER_DOUBLEACTION_MICAH,Револьвер Міки,revolver,yes,0.38,2.00,0.15,6,8.11,3.64,без зауважень,,0.38,2.00,0.15,8.11,варіант
WEAPON_PISTOL_MAUSER_DRUNK,Пістолет Вечірнього Білла,pistol,yes,0.48,2.50,0.10,,3.72,4.75,без зауважень,,0.48,2.50,0.10,3.72,"варіант Маузера; у файлі єдиний варіант — MAUSER_DRUNK"
WEAPON_SHOTGUN_DOUBLEBARREL_EXOTIC,Рідкісна рушниця,shotgun,yes,0.48,2.00,0.15,2,4.35,4.17,без зауважень,,0.48,2.00,0.15,4.35,варіант
WEAPON_SNIPERRIFLE_ROLLINGBLOCK_EXOTIC,Рідкісна гвинтівка з відкидним затвором,sniper,yes,1.00,,,1,2.46,2.46,"не змінилася — треба змінити",,0.62,,,3.97,"успадкує 0.62 від базового за префіксом"
?,Револьвер гравця,revolver,?,?,?,?,,3.38,1.60,"не ідентифіковано",,,,,,"надто швидко для конфігу — зафіксуй внутрішню назву через Rampage"
WEAPON_REVOLVER_LEMAT,Револьвер «Ле-Ма»,revolver,NO,1.00,,,9,7.42,2.02,"норм на стоці; дріб окремо 2.84",10.00,0.74,1.85,0.13,10.00,"ПРОПОЗИЦІЯ; у weapons.ymt ствола немає — лише плагін"
WEAPON_REVOLVER_NAVY,Флотський револьвер,revolver,NO,1.00,,,6,5.56,2.10,без зауважень,9.00,0.62,1.85,0.16,9.00,"ПРОПОЗИЦІЯ; у weapons.ymt ствола немає — лише плагін"
WEAPON_PISTOL_M1899,Пістолет M1899,pistol,NO,1.00,,,,1.52,2.22,без зауважень,3.00,0.51,1.85,0.20,3.00,"ПРОПОЗИЦІЯ; у weapons.ymt ствола немає — лише плагін"
WEAPON_REPEATER_EVANS,Карабін «Еванс»,repeater,NO,1.00,,,26,13.64,2.08,"нічого не змінилося — його немає у файлі",20.00,0.68,1.85,0.15,20.00,"ПРОПОЗИЦІЯ; у weapons.ymt ствола немає — лише плагін"
WEAPON_RIFLE_ELEPHANT,Слонобій,rifle,NO,1.00,,,2,,,не заміряно,,0.48,2.00,0.15,,"значення за аналогією з двостволкою; потрібен замір"
